{"Carbohydrate": 15.152778496210177, "Protein": 21.390509271467877, "Fat": 15.823298982512497, "Sodium": 2829.8946716760424, "calories": 288.58284191332467}